{
  "client/vite.config.ts": 1776965392.9905915,
  "client/src/App.tsx": 1776965392.9890025,
  "client/src/main.tsx": 1776965392.9895916,
  "client/src/vite-env.d.ts": 1776965392.9903636,
  "client/src/contexts/api.ts": 1776965392.9890025,
  "client/src/contexts/auth.ts": 1776965392.9892852,
  "client/src/hooks/useApi.ts": 1776965392.9892852,
  "client/src/hooks/useAuth.ts": 1776965392.989419,
  "client/src/lib/api.ts": 1776965392.9895916,
  "client/src/pages/Dashboard.tsx": 1776965392.989815,
  "client/src/pages/Error.tsx": 1776965392.989815,
  "client/src/pages/Home.tsx": 1776965392.989815,
  "client/src/pages/Reptile.tsx": 1776965392.989815,
  "client/src/pages/Root.tsx": 1776965392.989815,
  "client/src/pages/SignIn.tsx": 1776965392.989815,
  "client/src/pages/SignUp.tsx": 1776965392.989815,
  "src/index.ts": 1776965392.9927454,
  "src/controllers/feeding_controller.ts": 1776965392.9927454,
  "src/controllers/husbandry_controller.ts": 1776965392.9927454,
  "src/controllers/reptiles_controller.ts": 1776965392.9927454,
  "src/controllers/schedule_controller.ts": 1776965392.9927454,
  "src/controllers/users_controller.ts": 1776965392.9927454,
  "src/dto/jwt.d.ts": 1776965392.9927454,
  "src/lib/controller.ts": 1776965392.9927454,
  "src/middleware/authentication.ts": 1776965392.9927454,
  "README.md": 1776965392.9875915,
  "Images/dashboard.png": 1776965392.9845915,
  "Images/edit_page.png": 1776965392.9845915,
  "Images/home.png": 1776965392.9855917,
  "Images/log_in.png": 1776965392.9865916,
  "Images/sign_up.png": 1776965392.9875915,
  "client/public/vite.svg": 1776965392.9885914,
  "client/src/assets/react.svg": 1776965392.9890025
}